﻿<?xml version="1.0" encoding="utf-8"?>
<People>
    <Person>
        <Name>Doretha</Name>
        <Surname>Doi</Surname>
        <Phone>(350) 922-8486</Phone>
    </Person>
    <Person>
        <Name>Meg</Name>
        <Surname>Moffatt</Surname>
        <Surname>(647) 869-2640</Surname>
    </Person>
    <Person>
        <Name>Teresa</Name>
        <Surname>Mally</Surname>
        <Phone>(123) 504-5237</Phone>
    </Person>
    <Person>
        <Name>Cody</Name>
        <Surname>Henslee</Surname>
        <Surname>(768) 333-1038</Surname>
    </Person>
    <Person>
        <Name>Karolyn</Name>
        <Surname>Scheel</Surname>
        <Phone>(445) 151-2278</Phone>
    </Person>
    <Person>
        <Name>Florentina</Name>
        <Surname>Plumley</Surname>
        <Surname>(316) 866-6968</Surname>
    </Person>
    <Person>
        <Name>Blanch</Name>
        <Surname>Swindall</Surname>
        <Phone>(668) 360-2279</Phone>
    </Person>
    <Person>
        <Name>Valene</Name>
        <Surname>Rehberg</Surname>
        <Surname>(415) 541-9711</Surname>
    </Person>
    <Person>
        <Name>Fe</Name>
        <Surname>Mcclary</Surname>
        <Phone>(235) 592-6980</Phone>
    </Person>
    <Person>
        <Name>Emelda</Name>
        <Surname>Andujar</Surname>
        <Surname>(927) 861-2234</Surname>
    </Person>
    <Person>
        <Name>Lea</Name>
        <Surname>Board</Surname>
        <Phone>(673) 215-1992</Phone>
    </Person>
    <Person>
        <Name>Mason</Name>
        <Surname>Phair</Surname>
        <Surname>(129) 712-1453</Surname>
    </Person>
    <Person>
        <Name>Tatiana</Name>
        <Surname>Koehl</Surname>
        <Phone>(994) 583-1692</Phone>
    </Person>
    <Person>
        <Name>Connie</Name>
        <Surname>Troia</Surname>
        <Surname>(107) 454-8772</Surname>
    </Person>
    <Person>
        <Name>Grady</Name>
        <Surname>Grothe</Surname>
        <Phone>(274) 264-8914</Phone>
    </Person>
    <Person>
        <Name>Ula</Name>
        <Surname>Beavers</Surname>
        <Surname>(211) 660-5343</Surname>
    </Person>
    <Person>
        <Name>Booker</Name>
        <Surname>Eslinger</Surname>
        <Phone>(694) 848-6721</Phone>
    </Person>
    <Person>
        <Name>Layla</Name>
        <Surname>Hoskins</Surname>
        <Surname>(869) 285-9252</Surname>
    </Person>
    <Person>
        <Name>Clorinda</Name>
        <Surname>Ellingsworth</Surname>
        <Phone>(112) 674-0391</Phone>
    </Person>
    <Person>
        <Name>Tatyana</Name>
        <Surname>Cavender</Surname>
        <Phone>(176) 544-9317</Phone>
    </Person>
</People>